rank,fund_code,fund_name,theme_hint,primary_lane,lane_membership,tactical_bucket,best_lane_score,tactical_score,core_score,diversification_score,defensive_score,latest_nav_date,latest_price,return_5d_pct,previous_5d_pct,acceleration_5d_pp,return_20d_pct,previous_20d_pct,acceleration_20d_pp,return_60d_pct,return_126d_pct,return_252d_pct,volatility_20d_ann_pct,max_drawdown_60d_pct,distance_from_60d_high_pct,portfolio_size_try,investor_count,primary_exposure,non_domestic_exposure_proxy,overextension_flag,small_fund_flag,investability_hint
1,VKT,V PORTFÖY VAKIFBANK KISA VADELİ BORÇLANMA ARAÇLARI (TL) FONU,Bankacılık / Finans,DEFENSIVE,CORE + DEFENSIVE,,93.92,85.54,90.2,68.71,93.92,2026-09-29,0.1264,0.6794,0.5123,0.167,2.5398,3.1719,-0.6321,8.9546,20.8628,44.6382,0.9867,0.0,0.0,4838993425.69,41713.0,DİBS %53.1,0.0,NO,NO,RETAIL_CANDIDATE
2,HKV,ZİRAAT PORTFÖY HALKBANK KISA VADELİ BORÇLANMA ARAÇLARI (TL) FONU,Bankacılık / Finans,DEFENSIVE,CORE + DEFENSIVE,,93.12,86.87,90.18,68.44,93.12,2026-09-29,613.5306,0.7132,0.5031,0.2101,2.6048,3.1029,-0.4981,8.9988,21.1935,44.8589,1.2071,0.0,0.0,4503537486.69,36867.0,DİBS %40.6,0.0,NO,NO,RETAIL_CANDIDATE
3,RBV,ALBARAKA PORTFÖY KISA VADELİ KİRA SERTİFİKALARI KATILIM (TL) FONU,Katılım,DEFENSIVE,CORE + DEFENSIVE,,93.0,87.6,89.01,64.59,93.0,2026-09-29,7.1856,0.6832,0.702,-0.0188,2.8465,2.9021,-0.0556,9.0352,20.6142,43.723,1.1597,0.0,0.0,9707242161.42,18862.0,Özel Sektör Borçlanma %0.0,0.0,NO,NO,RETAIL_CANDIDATE
4,TSI,İŞ PORTFÖY MAKSİMUM HESAP KISA VADELİ BORÇLANMA ARAÇLARI (TL) FONU,Borçlanma Araçları,DEFENSIVE,CORE + DEFENSIVE,,92.99,85.84,88.92,68.24,92.99,2026-09-29,0.215,0.7022,0.4881,0.214,2.5638,3.1825,-0.6187,8.935,20.5226,43.9232,1.1754,0.0,0.0,23201502702.16,76361.0,DİBS %42.7,0.0,NO,NO,RETAIL_CANDIDATE
5,HPV,ZİRAAT PORTFÖY HALKBANK KISA VADELİ KİRA SERTİFİKALARI KATILIM (TL) FONU,Bankacılık / Finans,DEFENSIVE,CORE + DEFENSIVE,,92.93,86.92,88.84,65.2,92.93,2026-09-29,8.0836,0.6858,0.6897,-0.0039,2.7896,2.9304,-0.1408,8.95,20.5869,43.6888,1.1895,0.0,0.0,9391423146.98,338530.0,Özel Sektör Borçlanma %0.0,0.0,NO,NO,RETAIL_CANDIDATE
6,ZPK,ZİRAAT PORTFÖY KISA VADELİ KİRA SERTİFİKASI KATILIM (TL) FONU,Katılım,DEFENSIVE,CORE + DEFENSIVE,,92.93,87.17,88.6,64.86,92.93,2026-09-29,8.7407,0.6883,0.6842,0.0042,2.7871,2.9313,-0.1442,8.9482,20.5399,43.6603,1.1517,0.0,0.0,27660528476.37,30705.0,Özel Sektör Borçlanma %0.0,0.0,NO,NO,RETAIL_CANDIDATE
7,TRJ,TERA PORTFÖY BİRİNCİ BORÇLANMA ARAÇLARI (TL) FONU,Borçlanma Araçları,CORE,CORE + DEFENSIVE,,92.49,87.23,92.49,67.55,91.59,2026-09-29,2.2611,0.6941,0.5323,0.1618,2.964,3.7004,-0.7363,10.7749,28.2487,64.6508,1.4406,0.0,0.0,1862164610.64,4206.0,DİBS %25.1,0.0,NO,NO,RETAIL_CANDIDATE
8,TZV,ZİRAAT PORTFÖY KISA VADELİ BORÇLANMA ARAÇLARI (TL) FONU,Borçlanma Araçları,DEFENSIVE,CORE + DEFENSIVE,,92.45,85.55,89.27,72.78,92.45,2026-09-29,983.6565,0.6876,0.4875,0.2,2.5491,3.0646,-0.5155,8.836,20.8279,44.3593,1.2732,0.0,0.0,32369103137.13,132127.0,DİBS %47.8,0.0,NO,NO,RETAIL_CANDIDATE
9,TNK,TEB PORTFÖY KISA VADELİ BORÇLANMA ARAÇLARI (TL) FONU,Borçlanma Araçları,DEFENSIVE,DEFENSIVE,,92.38,86.1,87.99,71.61,92.38,2026-09-29,35.0485,0.6942,0.4796,0.2146,2.5458,3.0282,-0.4824,8.7733,20.3573,43.7679,1.1743,0.0,0.0,3844102904.25,73377.0,DİBS %47.7,0.0,NO,NO,RETAIL_CANDIDATE
10,DBK,DENİZ PORTFÖY KISA VADELİ BORÇLANMA ARAÇLARI (TL) FONU,Borçlanma Araçları,DEFENSIVE,CORE + DEFENSIVE,,92.18,86.13,89.19,67.43,92.18,2026-09-29,0.1257,0.6841,0.5922,0.0918,2.6618,3.0112,-0.3494,8.8956,21.0175,45.4226,1.2003,0.0,0.0,1061685254.13,85031.0,Özel Sektör Borçlanma %31.3,0.0,NO,NO,RETAIL_CANDIDATE
11,VFK,ZİRAAT PORTFÖY İKİNCİ KISA VADELİ KİRA SERTİFİKALARI KATILIM (TL) FONU,Katılım,DEFENSIVE,DEFENSIVE,,91.88,87.27,87.66,63.21,91.88,2026-09-29,5.6817,0.6916,0.6668,0.0248,2.7667,2.9472,-0.1805,8.9445,20.5932,43.7464,1.1429,0.0,0.0,5437954033.18,5908.0,Özel Sektör Borçlanma %0.0,0.0,NO,NO,RETAIL_CANDIDATE
12,AVT,AK PORTFÖY KISA VADELİ BORÇLANMA ARAÇLARI (TL) FONU,Borçlanma Araçları,DEFENSIVE,CORE + DEFENSIVE,,91.19,87.35,89.74,67.72,91.19,2026-09-29,235.2726,0.7535,0.4592,0.2943,2.6698,3.0699,-0.4001,9.0563,21.4667,46.1138,1.3081,-0.0283,0.0,3797927309.72,19730.0,DİBS %31.4,0.0,NO,NO,RETAIL_CANDIDATE
13,OSL,OSMANLI PORTFÖY KISA VADELİ BORÇLANMA ARAÇLARI (TL) FONU,Borçlanma Araçları,DEFENSIVE,CORE + DEFENSIVE,,90.99,88.1,88.88,65.64,90.99,2026-09-29,0.1619,0.7704,0.4884,0.282,2.6785,3.0315,-0.353,9.0837,21.3511,46.2733,1.2627,0.0,0.0,1482752921.01,3912.0,DİBS %39.1,0.0,NO,NO,RETAIL_CANDIDATE
14,TIV,İŞ PORTFÖY KISA VADELİ BORÇLANMA ARAÇLARI (TL) FONU,Borçlanma Araçları,DEFENSIVE,DEFENSIVE,,90.85,85.15,87.21,67.18,90.85,2026-09-29,55.031,0.6942,0.4264,0.2677,2.5715,3.2066,-0.6351,8.9578,20.3471,43.301,1.285,-0.0326,0.0,36164921643.11,122932.0,DİBS %52.6,0.0,NO,NO,RETAIL_CANDIDATE
15,KTV,KUVEYT TÜRK PORTFÖY KISA VADELİ KİRA SERTİFİKALARI KATILIM (TL) FONU,Katılım,DEFENSIVE,DEFENSIVE,,90.85,83.51,86.25,63.83,90.85,2026-09-29,7.9815,0.6096,0.6657,-0.0561,2.6252,2.8821,-0.257,8.6602,19.8555,42.6454,1.3075,0.0,0.0,38788003237.56,46722.0,,0.0,NO,NO,RETAIL_CANDIDATE
16,IST,İSTANBUL PORTFÖY KISA VADELİ BORÇLANMA ARAÇLARI (TL) FONU,Borçlanma Araçları,CORE,CORE,,89.37,87.81,89.37,62.54,90.5,2026-09-29,0.2028,0.7263,0.7523,-0.026,2.9872,3.0889,-0.1017,9.553,22.1876,48.4297,1.3316,0.0,0.0,1495807867.1,2860.0,Ters Repo %5.3,0.0,NO,NO,RETAIL_CANDIDATE
17,RBT,ALBARAKA PORTFÖY KİRA SERTİFİKALARI  KATILIM FONU,Katılım,CORE,CORE,,89.05,87.1,89.05,62.35,90.65,2026-09-29,6.8467,0.6915,0.7088,-0.0173,2.8962,3.1265,-0.2303,9.5818,21.9825,46.5131,1.3028,0.0,0.0,1481782827.73,2911.0,Özel Sektör Borçlanma %0.0,0.0,NO,NO,RETAIL_CANDIDATE
18,IBK,İŞ PORTFÖY ÜÇÜNCÜ KISA VADELİ BORÇLANMA ARAÇLARI (TL) FONU,Borçlanma Araçları,CORE,CORE,,88.71,88.01,88.71,69.59,90.44,2026-09-29,0.1418,0.7032,0.6938,0.0094,2.8398,2.929,-0.0892,9.1651,21.1792,46.7478,1.3148,0.0,0.0,234535932.55,122033.0,Özel Sektör Borçlanma %34.9,0.0,NO,NO,RETAIL_CANDIDATE
19,NBO,NEO PORTFÖY BORÇLANMA ARACI FONLARI FON SEPETİ FONU,Borçlanma Araçları,CORE,CORE,,88.64,86.26,88.64,63.25,89.69,2026-09-29,1.5733,0.7031,0.5713,0.1317,2.643,3.313,-0.67,9.2424,22.8513,53.3765,1.2131,0.0,0.0,2281385743.3,316.0,Yatırım Fonu %86.9,0.0,NO,NO,RETAIL_CANDIDATE
20,CPU,AKTİF PORTFÖY TEKNOLOJİ KATILIM FONU,Teknoloji,DIVERSIFICATION,DIVERSIFICATION,,84.55,65.17,77.26,84.55,61.51,2026-09-29,3.918,0.9046,0.4394,0.4652,0.352,7.886,-7.534,4.7133,44.172,79.353,18.3937,-6.5037,-1.4943,1121910829.8,15907.0,Yabancı Hisse %70.2,70.2,NO,NO,RETAIL_CANDIDATE
21,TMG,İŞ PORTFÖY YABANCI HİSSE SENEDİ FONU,Yabancı Varlıklar,DIVERSIFICATION,DIVERSIFICATION,,83.85,73.78,85.18,83.85,74.56,2026-09-29,1.4845,0.4483,1.6061,-1.1578,1.8034,2.8445,-1.0411,9.781,31.3903,44.5832,10.3513,-2.0665,-0.3825,5158196785.97,34926.0,Yabancı Hisse %87.7,100.0,NO,NO,RETAIL_CANDIDATE
22,AFA,AK PORTFÖY AMERİKA YABANCI HİSSE SENEDİ FONU,Yabancı Varlıklar,DIVERSIFICATION,DIVERSIFICATION,,83.76,70.92,84.41,83.76,72.86,2026-09-29,1.3199,0.1192,2.1267,-2.0075,2.0207,4.014,-1.9933,9.7258,34.2885,42.4552,10.426,-1.8037,-0.8106,5460162279.25,45978.0,Yabancı Hisse %97.9,100.0,NO,NO,RETAIL_CANDIDATE
23,OJT,QNB PORTFÖY TEKNOLOJİ FON SEPETİ FONU,Teknoloji,DIVERSIFICATION,DIVERSIFICATION,,83.58,63.78,77.83,83.58,63.17,2026-09-29,13.2632,0.9223,2.7531,-1.8308,2.1893,6.656,-4.4667,5.7903,40.3631,51.8301,17.4589,-6.3836,-1.0212,4227147371.84,10387.0,Yabancı Hisse %76.6,76.61,NO,NO,RETAIL_CANDIDATE
24,ILZ,İŞ PORTFÖY TEMKİNLİ FON SEPETİ FONU,Fon Sepeti,TACTICAL,TACTICAL,TREND_CONTINUATION,83.55,83.55,79.49,60.78,87.16,2026-09-29,8.4968,0.6003,0.7377,-0.1373,2.6733,2.4896,0.1838,7.8618,15.1656,37.1702,1.0493,-0.049,0.0,1065072671.62,6182.0,Yatırım Fonu %95.5,0.0,NO,NO,RETAIL_CANDIDATE
25,TFU,İŞ PORTFÖY TÜFEYE ENDEKSLİ BORÇLANMA ARAÇLARI (TL) FONU,Borçlanma Araçları,TACTICAL,TACTICAL,TREND_CONTINUATION,83.2,83.2,70.78,58.66,82.78,2026-09-29,1.3216,0.541,0.5452,-0.0042,2.195,1.4941,0.7009,5.8758,17.0571,,1.0052,-0.0115,0.0,198087458.91,1082.0,DİBS %85.5,0.0,NO,NO,RETAIL_CANDIDATE
26,IJZ,İŞ PORTFÖY SİBER GÜVENLİK TEKNOLOJİLERİ DEĞİŞKEN FON,Teknoloji,DIVERSIFICATION,DIVERSIFICATION,,82.69,45.6,72.03,82.69,61.94,2026-09-29,14.2632,-1.7204,-0.759,-0.9614,-3.8593,7.6826,-11.5419,2.2368,46.7061,45.8932,16.7496,-5.1271,-4.6607,861066976.97,14551.0,Yabancı Hisse %72.1,72.12,NO,NO,RETAIL_CANDIDATE
27,TGE,İŞ PORTFÖY EMTİA YABANCI BYF FON SEPETİ FONU,Yabancı Varlıklar,DIVERSIFICATION,DIVERSIFICATION,,82.15,70.88,84.5,82.15,71.7,2026-09-29,0.309,-0.549,0.9178,-1.4668,3.8005,6.8892,-3.0887,18.2588,20.126,60.7596,9.5107,-3.2039,-0.8715,3034231485.19,36758.0,Yabancı ETF %92.6,100.0,NO,NO,RETAIL_CANDIDATE
28,OVD,QNB PORTFÖY EMTİA FON SEPETİ FONU,Fon Sepeti,DIVERSIFICATION,DIVERSIFICATION,,81.53,64.19,82.03,81.53,73.39,2026-09-29,3.5793,-0.9158,-0.1107,-0.8051,1.882,9.4366,-7.5546,18.1758,18.608,56.7293,6.655,-2.8158,-1.6174,860302514.97,3135.0,Yabancı Hisse %74.6,74.59,NO,NO,RETAIL_CANDIDATE
29,YZC,YAPI KREDİ PORTFÖY FİNTECH VE BLOCKCHAİN TEKNOLOJİLERİ DEĞİŞKEN FON,Teknoloji,DIVERSIFICATION,DIVERSIFICATION,,81.07,60.99,76.5,81.07,59.58,2026-09-29,5.3335,-0.4421,3.7496,-4.1917,3.89,7.95,-4.0601,7.9986,44.8913,52.7893,22.2048,-5.8295,-2.1283,652114992.99,11852.0,Yabancı Hisse %68.1,68.09,NO,NO,RETAIL_CANDIDATE
30,TFF,TEB PORTFÖY AMERİKA TEKNOLOJİ YABANCI BYF FON SEPETİ FONU,Teknoloji,DIVERSIFICATION,DIVERSIFICATION,,79.86,71.45,81.67,79.86,62.14,2026-09-29,46.1346,1.8273,4.7723,-2.945,5.5019,6.8489,-1.347,11.0942,49.4467,52.7388,16.888,-6.3167,-0.4724,1377195529.3,8627.0,Yabancı ETF %100.0,100.0,NO,NO,RETAIL_CANDIDATE
31,GZG,GARANTİ PORTFÖY SAĞLIK VE GENETİK TEKNOLOJİLERİ DEĞİŞKEN FON,Teknoloji,DIVERSIFICATION,DIVERSIFICATION,,79.5,52.07,72.62,79.5,64.37,2026-09-29,7.378,-1.0195,-0.0839,-0.9356,-1.8116,7.0541,-8.8657,2.8825,32.2966,49.9931,11.5483,-4.7186,-4.5839,383041009.79,4024.0,Yabancı Hisse %67.6,67.57,NO,NO,RETAIL_CANDIDATE
32,ITP,İŞ PORTFÖY TEKNOLOJİ KARMA FON,Teknoloji,DIVERSIFICATION,DIVERSIFICATION,,79.22,67.02,78.58,79.22,67.97,2026-09-29,13.5055,0.5931,1.9356,-1.3426,2.0556,5.402,-3.3465,5.5699,33.9842,46.763,11.3926,-4.32,-0.6308,1016156300.14,10863.0,Yabancı Hisse %71.2,71.16,NO,NO,RETAIL_CANDIDATE
33,DVT,DENİZ PORTFÖY METAVERSE VE DİJİTAL YAŞAM TEKNOLOJİLERİ DEĞİŞKEN FON,Teknoloji,DIVERSIFICATION,DIVERSIFICATION,,79.16,60.38,75.15,79.16,63.08,2026-09-29,9.9278,-0.0775,0.1334,-0.2109,0.3483,6.3173,-5.969,3.24,41.6546,58.1555,15.9853,-6.1977,-1.6164,854302463.56,10086.0,Yabancı Hisse %61.0,60.96,NO,NO,RETAIL_CANDIDATE
34,ECV,GLOBAL MD PORTFÖY KISA VADELİ BORÇLANMA ARAÇLARI (TL) FONU,Borçlanma Araçları,DIVERSIFICATION,DIVERSIFICATION,,79.04,84.68,82.36,79.04,87.75,2026-09-29,0.5069,0.6599,0.5224,0.1375,2.525,3.0981,-0.5731,8.6001,20.1523,42.6689,1.0089,0.0,0.0,138874785.98,2408.0,DİBS %49.1,100.0,NO,NO,RETAIL_CANDIDATE
35,ZFB,AK PORTFÖY FİNTEK VE BLOKZİNCİRİ TEKNOLOJİLERİ DEĞİŞKEN FON,Teknoloji,DIVERSIFICATION,DIVERSIFICATION,,78.95,54.29,63.43,78.95,54.63,2026-09-29,7.1922,-0.9496,1.6081,-2.5577,-0.1121,2.7801,-2.8922,2.0959,24.0447,37.0045,20.6566,-6.3683,-4.4886,958695459.0,14293.0,Yabancı Hisse %69.8,69.79,NO,NO,RETAIL_CANDIDATE
36,GBV,GARANTİ PORTFÖY BLOCKCHAİN TEKNOLOJİLERİ DEĞİŞKEN FON,Teknoloji,DIVERSIFICATION,DIVERSIFICATION,,78.85,62.8,74.91,78.85,59.49,2026-09-29,13.6653,-1.8881,4.6476,-6.5357,4.4495,1.2714,3.1781,5.6203,38.4285,49.9915,22.9409,-5.9925,-2.9039,2141445698.24,20699.0,Yabancı Hisse %63.4,63.38,NO,NO,RETAIL_CANDIDATE
37,IBB,İŞ PORTFÖY ATAK DEĞİŞKEN FON,Değişken,TACTICAL,TACTICAL,TREND_CONTINUATION,78.72,78.72,77.68,60.96,81.94,2026-09-29,16.3371,0.4078,1.6063,-1.1986,3.5614,0.6329,2.9285,5.7397,17.9744,39.0037,2.96,-0.8087,0.0,1378090489.2,8441.0,Ters Repo %76.5,0.0,NO,NO,RETAIL_CANDIDATE
38,ADE,AK PORTFÖY MUTLAK GETİRİ HEDEFLİ DEĞİŞKEN FON,Değişken,TACTICAL,TACTICAL,TREND_CONTINUATION,78.17,78.17,64.9,66.17,70.64,2026-09-29,0.9259,1.0302,2.3939,-1.3637,3.037,2.8469,0.1901,10.4806,9.0855,25.6336,8.1343,-2.0172,0.0,692836906.52,25234.0,TR Hisse %57.5,5.45,NO,NO,RETAIL_CANDIDATE
39,TMC,İŞ PORTFÖY TEMA DEĞİŞKEN FON,Değişken,TACTICAL,TACTICAL,TREND_CONTINUATION,77.73,77.73,74.85,59.69,74.3,2026-09-29,0.1708,0.4847,2.8779,-2.3932,4.4957,0.03,4.4657,10.1071,18.0625,33.4479,9.2866,-0.9584,0.0,141691753.11,11331.0,TR Hisse %53.7,0.0,NO,NO,RETAIL_CANDIDATE
40,GBG,INVEO PORTFÖY G-20 ÜLKELERİ YABANCI HİSSE SENEDİ FONU,Yabancı Varlıklar,TACTICAL,TACTICAL,TREND_CONTINUATION,75.26,75.26,79.3,77.78,66.21,2026-09-29,0.6116,0.7053,2.7706,-2.0654,3.2256,2.9739,0.2517,7.2821,34.3989,57.095,12.5285,-3.3325,-0.2027,179952048.58,3670.0,Yabancı Hisse %85.0,100.0,NO,NO,RETAIL_CANDIDATE
41,KIA,TRIVE PORTFÖY MUTLAK GETİRİ HEDEFLİ DEĞİŞKEN FON,Değişken,TACTICAL,TACTICAL,TREND_CONTINUATION,72.75,72.75,43.53,33.61,51.86,2026-09-29,4.489,0.0329,-0.648,0.6809,2.9088,2.1625,0.7463,2.9178,7.0948,25.5477,9.881,-3.409,-0.658,4852434.1,316.0,Ters Repo %20.9,0.0,NO,YES,RETAIL_CANDIDATE
42,MET,GARANTİ PORTFÖY METAVERSE VE YENİ TEKNOLOJİLER DEĞİŞKEN FON,Teknoloji,TACTICAL,TACTICAL,TREND_CONTINUATION,72.51,72.51,74.79,78.02,65.11,2026-09-29,6.2821,0.075,2.5425,-2.4675,4.8071,1.2313,3.5758,7.3082,32.1343,40.9967,15.4648,-4.7049,-1.8669,771946639.99,6376.0,Yabancı Hisse %66.7,66.67,NO,NO,RETAIL_CANDIDATE
43,GUH,GARANTİ PORTFÖY YABANCI TEKNOLOJİ HİSSE SENEDİ FONU,Teknoloji,TACTICAL,TACTICAL,TREND_CONTINUATION,67.1,67.1,75.65,77.11,49.62,2026-09-29,0.4869,0.8027,7.5365,-6.7338,8.0566,3.7384,4.3182,9.8191,55.2187,73.6975,25.5567,-10.1541,-1.6003,4987143199.09,37466.0,Yabancı Hisse %93.0,100.0,NO,NO,RETAIL_CANDIDATE
44,AFT,AK PORTFÖY YENİ TEKNOLOJİLER YABANCI HİSSE SENEDİ FONU,Teknoloji,TACTICAL,TACTICAL,TREND_CONTINUATION,65.01,65.01,67.11,73.46,45.91,2026-09-29,1.0417,0.6806,6.2798,-5.5992,6.0548,5.6145,0.4402,8.8828,28.852,36.9922,25.7963,-9.9221,-1.4309,18905932523.61,132289.0,Yabancı Hisse %98.8,100.0,NO,NO,RETAIL_CANDIDATE
45,NTI,NEO PORTFÖY TEKNOLOJİ VE İNOVASYON DEĞİŞKEN FON,Teknoloji,TACTICAL,TACTICAL,TREND_CONTINUATION,63.46,63.46,62.23,70.27,40.66,2026-09-29,1.7091,1.7153,6.3827,-4.6675,9.1717,6.2807,2.891,3.7767,46.0886,57.9134,22.6242,-15.5675,-0.7635,205371797.14,1130.0,Yabancı Hisse %70.7,70.66,NO,NO,RETAIL_CANDIDATE
